{
  "world_frame_to_ee_tip_0_tfs": {
    "0": {
      "w_rot": 0.8541060388158201,
      "x_pos": 0.9131058091712826,
      "x_rot": 0.5095282098200657,
      "y_pos": -0.7204689296073572,
      "y_rot": -0.05644868360277089,
      "z_pos": 1.566028604274849,
      "z_rot": -0.08773496438377293
    },
    "1": {
      "w_rot": 0.582543164998784,
      "x_pos": 0.9131053607945877,
      "x_rot": 0.8060758190363376,
      "y_pos": -0.08540219339576495,
      "y_rot": -0.017091035134509252,
      "z_pos": 1.5540961505386877,
      "z_rot": -0.10292293911528078
    },
    "2": {
      "w_rot": 0.6996332413434071,
      "x_pos": 0.9134257661513531,
      "x_rot": 0.7082633132176289,
      "y_pos": -0.3148037353360288,
      "y_rot": -0.07551803712471884,
      "z_pos": 1.4535097735077267,
      "z_rot": -0.05633323021213854
    }
  }
}
