{
  "world_frame_to_ee_tip_0_tfs": {
    "0": {
      "w_rot": 0.6751621094681819,
      "x_pos": 0.8343882077704594,
      "x_rot": 0.7240724972172878,
      "y_pos": -0.4560215058994399,
      "y_rot": -0.08885884021577653,
      "z_pos": 1.609691383534985,
      "z_rot": -0.10944976577180199
    },
    "1": {
      "w_rot": 0.6751601963063294,
      "x_pos": 1.025200078019196,
      "x_rot": 0.7240752222346798,
      "y_pos": -0.538410547152343,
      "y_rot": -0.0888477507377442,
      "z_pos": 1.609687913561241,
      "z_rot": -0.1094525424932725
    },
    "2": {
      "w_rot": 0.6751620837670224,
      "x_pos": 1.0251998508444706,
      "x_rot": 0.7240721534525174,
      "y_pos": -0.20081379159840695,
      "y_rot": -0.08885426325402021,
      "z_pos": 1.609690337640897,
      "z_rot": -0.10945591413711278
    },
    "3": {
      "w_rot": 0.6751712299151205,
      "x_pos": 0.8016002828578337,
      "x_rot": 0.7240614210448384,
      "y_pos": -0.20082108248429567,
      "y_rot": -0.08885537583511899,
      "z_pos": 1.592481501432458,
      "z_rot": -0.1094695895426354
    },
    "4": {
      "w_rot": 0.6809814233644561,
      "x_pos": 0.7978467675750256,
      "x_rot": 0.701636287676608,
      "y_pos": -0.3536188855247585,
      "y_rot": 0.006397715514006419,
      "z_pos": 1.5718691842721777,
      "z_rot": -0.2095945850543584
    },
    "5": {
      "w_rot": 0.672624567338862,
      "x_pos": 1.0040624540702128,
      "x_rot": 0.7266679145369332,
      "y_pos": -0.3536123829564449,
      "y_rot": -0.10664103324684221,
      "z_pos": 1.5964465611336736,
      "z_rot": -0.09031956279123181
    },
    "6": {
      "w_rot": 0.68811025019661,
      "x_pos": 1.132428804132651,
      "x_rot": 0.7243557633497489,
      "y_pos": -0.3325752769990275,
      "y_rot": 0.026809056987229837,
      "z_pos": 1.588866314369934,
      "z_rot": -0.03307999606736503
    },
    "7": {
      "w_rot": 0.6848243154751396,
      "x_pos": 0.9434524012155315,
      "x_rot": 0.7124317794260752,
      "y_pos": -0.49041434528655276,
      "y_rot": 0.13386766602040548,
      "z_pos": 1.5894360894985873,
      "z_rot": 0.07440473501096612
    }
  }
}
