{
	"class_name" : "PinholeCameraParameters",
	"extrinsic" : 
	[
		0.98985829867551212,
		-0.11479964902683307,
		0.083675498961982425,
		0,
		-0.13642198808365985,
		-0.60391347802630246,
		0.78528819692229967,
		0,
		-0.03961804778787751,
		-0.78873921649775391,
		-0.6134499642578739,
		0,
		0.084322294789928059,
		1.1009730311877017,
		4.3125390007533344,
		1
	],
	"intrinsic" : 
	{
		"height" : 983,
		"intrinsic_matrix" : [ 851.30297192010323, 0, 0, 0, 851.30297192010323, 0, 959.5, 491, 1 ],
		"width" : 1920
	},
	"version_major" : 1,
	"version_minor" : 0
}