{
	"class_name" : "PinholeCameraParameters",
	"extrinsic" : 
	[
		0.9999575304081133,
		0.0047445090401221782,
		0.0079010767668305035,
		0,
		-0.0033898513534947644,
		-0.60786393772220237,
		0.79403396786577074,
		0,
		0.0085700809744342285,
		-0.79402702904298339,
		-0.60782203880845342,
		0,
		0.0079682837232682643,
		1.0265821252311644,
		4.3509758652700423,
		1
	],
	"intrinsic" : 
	{
		"height" : 983,
		"intrinsic_matrix" : [ 851.30297192010323, 0, 0, 0, 851.30297192010323, 0, 959.5, 491, 1 ],
		"width" : 1920
	},
	"version_major" : 1,
	"version_minor" : 0
}