{
	"class_name" : "PinholeCameraParameters",
	"extrinsic" : 
	[
		0.97663451604369478,
		0.104683202611132,
		0.18768710441363598,
		0,
		-0.067721068921317004,
		-0.6789360847189152,
		0.73106747273470207,
		0,
		0.20395803219351927,
		-0.72669609876318098,
		-0.65598315614512592,
		0,
		-0.28836190650133187,
		0.9071577261663224,
		4.4042069527466516,
		1
	],
	"intrinsic" : 
	{
		"height" : 983,
		"intrinsic_matrix" : [ 851.30297192010323, 0, 0, 0, 851.30297192010323, 0, 959.5, 491, 1 ],
		"width" : 1920
	},
	"version_major" : 1,
	"version_minor" : 0
}