{
	"class_name" : "PinholeCameraParameters",
	"extrinsic" : 
	[
		0.87452743468366867,
		-0.15195474799550499,
		0.46055566498223022,
		0,
		-0.40847991319511201,
		-0.74270546800196435,
		0.53059659659302105,
		0,
		0.26143053857901799,
		-0.65214901852383855,
		-0.71158676992808045,
		0,
		-0.21260687519272092,
		1.0242679627998235,
		4.9842218417638975,
		1
	],
	"intrinsic" : 
	{
		"height" : 983,
		"intrinsic_matrix" : [ 851.30297192010323, 0, 0, 0, 851.30297192010323, 0, 959.5, 491, 1 ],
		"width" : 1920
	},
	"version_major" : 1,
	"version_minor" : 0
}