{
	"class_name" : "PinholeCameraParameters",
	"extrinsic" : 
	[
		0.99044494293238106,
		0.099648240074352717,
		0.095336473973798103,
		0,
		0.015537283801007088,
		-0.76752895939652976,
		0.64082594306080276,
		0,
		0.13703068208163996,
		-0.63322154475172787,
		-0.76174343937475186,
		0,
		-0.13743568960286906,
		0.72924275358772706,
		4.561683200519365,
		1
	],
	"intrinsic" : 
	{
		"height" : 983,
		"intrinsic_matrix" : [ 851.30297192010323, 0, 0, 0, 851.30297192010323, 0, 959.5, 491, 1 ],
		"width" : 1920
	},
	"version_major" : 1,
	"version_minor" : 0
}