{
	"class_name" : "PinholeCameraParameters",
	"extrinsic" : 
	[
		0.9145123288376108,
		0.064009347941490033,
		0.3994621431126047,
		0,
		-0.22014468750169489,
		-0.74967576060566754,
		0.62411743328086511,
		0,
		0.33941643591433651,
		-0.65870255604211769,
		-0.67149640780482966,
		0,
		-0.53089194195273026,
		0.78548056693958146,
		4.4306338037219302,
		1
	],
	"intrinsic" : 
	{
		"height" : 983,
		"intrinsic_matrix" : [ 851.30297192010323, 0, 0, 0, 851.30297192010323, 0, 959.5, 491, 1 ],
		"width" : 1920
	},
	"version_major" : 1,
	"version_minor" : 0
}