{
	"class_name" : "PinholeCameraParameters",
	"extrinsic" : 
	[
		0.86163606250137814,
		-0.25484588423067167,
		0.43890417073412324,
		0,
		-0.46893833825231535,
		-0.73051655016515926,
		0.49642965750643031,
		0,
		0.19411370563223598,
		-0.63356068787881858,
		-0.7489464093379713,
		0,
		-0.37602748597174684,
		0.80244599276075124,
		4.5429170419173595,
		1
	],
	"intrinsic" : 
	{
		"height" : 983,
		"intrinsic_matrix" : [ 851.30297192010323, 0, 0, 0, 851.30297192010323, 0, 959.5, 491, 1 ],
		"width" : 1920
	},
	"version_major" : 1,
	"version_minor" : 0
}