{
  "world_frame_to_ee_tip_0_tfs": {
    "0": {
      "w_rot": 0.9984996107030182,
      "x_pos": 1.4536086797485461,
      "x_rot": -0.05087787317611995,
      "y_pos": 0.02568428831386875,
      "y_rot": 0.01261002057464651,
      "z_pos": 1.2157184808080748,
      "z_rot": 0.015841616966159162
    },
    "1": {
      "w_rot": 0.9984985651182305,
      "x_pos": 1.6156083912560626,
      "x_rot": -0.05089755422007925,
      "y_pos": 0.0256818597382637,
      "y_rot": 0.01260979178277591,
      "z_pos": 1.2125321906758075,
      "z_rot": 0.01584448113520455
    },
    "2": {
      "w_rot": 0.9698333935523948,
      "x_pos": 1.5908135985047003,
      "x_rot": -0.2429267317659174,
      "y_pos": -0.2935086554530483,
      "y_rot": 0.015444545842383337,
      "z_pos": 1.2763779358138594,
      "z_rot": 0.013086548356929725
    },
    "3": {
      "w_rot": 0.9909569462272734,
      "x_pos": 1.5572034751346304,
      "x_rot": 0.1326432149166066,
      "y_pos": 0.14754028198283736,
      "y_rot": 0.009543191631238079,
      "z_pos": 1.2841277666486577,
      "z_rot": 0.01786157199110274
    },
    "4": {
      "w_rot": 0.9862082647700895,
      "x_pos": 1.4408989734384134,
      "x_rot": -0.04595490926719263,
      "y_pos": 0.10581754996157365,
      "y_rot": 0.15853531311817576,
      "z_pos": 1.1826595524911299,
      "z_rot": -0.012163852512041724
    }
  }
}
