{
  "joint_positions": [
    {
      "b_joint": -1.0872704982757568,
      "l_joint": 0.574368417263031,
      "r_joint": -2.5249414443969727,
      "s_joint": -0.7464537620544434,
      "t_joint": 1.7425498962402344,
      "u_joint": -0.41635921597480774
    },
    {
      "b_joint": -0.9864222407341003,
      "l_joint": 0.2187705785036087,
      "r_joint": -3.22434663772583,
      "s_joint": -0.07987643778324127,
      "t_joint": 1.2981139421463013,
      "u_joint": -0.9129640460014343
    },
    {
      "b_joint": -1.3509111404418945,
      "l_joint": 0.4799825847148895,
      "r_joint": -2.959764242172241,
      "s_joint": -0.3644111454486847,
      "t_joint": 1.5113894939422607,
      "u_joint": -0.8410755395889282
    }
  ]
}
