{
	"class_name" : "PinholeCameraParameters",
	"extrinsic" : 
	[
		-0.082401326835090175,
		0.22879521044913093,
		-0.96998081064078523,
		0,
		-0.87974154888168765,
		0.44060643788120551,
		0.17866385775775875,
		0,
		0.46825722472490039,
		0.8680545596753545,
		0.16497409772373606,
		0,
		-0.98882595533351392,
		-1.6623276794587221,
		4.1027975307379467,
		1
	],
	"intrinsic" : 
	{
		"height" : 983,
		"intrinsic_matrix" : [ 851.30297192010323, 0, 0, 0, 851.30297192010323, 0, 959.5, 491, 1 ],
		"width" : 1920
	},
	"version_major" : 1,
	"version_minor" : 0
}