{
	"class_name" : "PinholeCameraParameters",
	"extrinsic" : 
	[
		0.20512587354202105,
		0.43491754759542767,
		-0.87679535970327871,
		0,
		-0.70451981617760739,
		0.68746738110096817,
		0.1761829405341124,
		0,
		0.67939326212194151,
		0.5815800260632713,
		0.44742537776432811,
		0,
		-1.3715565219676009,
		-1.0639426505808975,
		1.7501073674224592,
		1
	],
	"intrinsic" : 
	{
		"height" : 983,
		"intrinsic_matrix" : [ 851.30297192010323, 0, 0, 0, 851.30297192010323, 0, 959.5, 491, 1 ],
		"width" : 1920
	},
	"version_major" : 1,
	"version_minor" : 0
}