{
	"class_name" : "PinholeCameraParameters",
	"extrinsic" : 
	[
		0.033767979294664109,
		0.22453787846869264,
		-0.97388010797383784,
		0,
		-0.94659754114395844,
		0.31981113971546149,
		0.040913689812941141,
		0,
		0.32064438038825366,
		0.92049094294657574,
		0.22334637959626008,
		0,
		-0.68639786130449876,
		-1.7764354027215563,
		3.9830935789964901,
		1
	],
	"intrinsic" : 
	{
		"height" : 983,
		"intrinsic_matrix" : [ 851.30297192010323, 0, 0, 0, 851.30297192010323, 0, 959.5, 491, 1 ],
		"width" : 1920
	},
	"version_major" : 1,
	"version_minor" : 0
}