{
	"class_name" : "PinholeCameraParameters",
	"extrinsic" : 
	[
		0.37566917569379155,
		0.25120245262772273,
		-0.89205941406801159,
		0,
		-0.31662156334885444,
		0.93943381763308265,
		0.13120551783312928,
		0,
		0.87098992879141524,
		0.23315537755142818,
		0.43245244115714798,
		0,
		-1.7039389902820514,
		-0.38017727882745961,
		1.9069972880456421,
		1
	],
	"intrinsic" : 
	{
		"height" : 983,
		"intrinsic_matrix" : [ 851.30297192010323, 0, 0, 0, 851.30297192010323, 0, 959.5, 491, 1 ],
		"width" : 1920
	},
	"version_major" : 1,
	"version_minor" : 0
}