{
	"class_name" : "PinholeCameraParameters",
	"extrinsic" : 
	[
		0.48472589820001971,
		0.20785934887536006,
		-0.84960890690911173,
		0,
		-0.75461642016361563,
		0.590530836419495,
		-0.2860548717591459,
		0,
		0.44226107904000977,
		0.77978703651881975,
		0.44309966784411287,
		0,
		-0.87316429079749136,
		-1.4842778726221537,
		1.9942159225951124,
		1
	],
	"intrinsic" : 
	{
		"height" : 983,
		"intrinsic_matrix" : [ 851.30297192010323, 0, 0, 0, 851.30297192010323, 0, 959.5, 491, 1 ],
		"width" : 1920
	},
	"version_major" : 1,
	"version_minor" : 0
}