{
	"class_name" : "PinholeCameraParameters",
	"extrinsic" : 
	[
		0.3688569224006456,
		0.37932521544871417,
		-0.84856169588422437,
		0,
		-0.83047330676722875,
		0.54450628654893896,
		-0.11758822498783336,
		0,
		0.41744299915584726,
		0.74808106835654609,
		0.51586437909813077,
		0,
		-0.78608046409974841,
		-1.394360021344925,
		3.4385966874013674,
		1
	],
	"intrinsic" : 
	{
		"height" : 983,
		"intrinsic_matrix" : [ 851.30297192010323, 0, 0, 0, 851.30297192010323, 0, 959.5, 491, 1 ],
		"width" : 1920
	},
	"version_major" : 1,
	"version_minor" : 0
}