{
  "world_frame_to_ee_tip_0_tfs": {
    "0": {
      "w_rot": -0.6352614895325308,
      "x_pos": 0.9786256609361851,
      "x_rot": 0.6338667966233225,
      "y_pos": 0.21994405085307145,
      "y_rot": -0.3691201373078308,
      "z_pos": 0.5038072154290051,
      "z_rot": -0.2416734331473897
    },
    "1": {
      "w_rot": -0.6645785159619441,
      "x_pos": 0.9921053947040016,
      "x_rot": 0.606356478379693,
      "y_pos": 0.2881017153023017,
      "y_rot": -0.4062255676868325,
      "z_pos": 0.5220125868405947,
      "z_rot": -0.16014994663223647
    },
    "10": {
      "w_rot": -0.6977505711307161,
      "x_pos": 1.120709229422822,
      "x_rot": 0.682730026779134,
      "y_pos": -0.0025933864217509983,
      "y_rot": -0.05421482531327478,
      "z_pos": 0.8247650600518808,
      "z_rot": -0.2099633390313028
    },
    "2": {
      "w_rot": -0.6206088321873015,
      "x_pos": 1.0663546558965742,
      "x_rot": 0.6566211145006302,
      "y_pos": 0.015891513449208715,
      "y_rot": -0.3333769421247008,
      "z_pos": 0.5066918706657971,
      "z_rot": -0.26935701933056816
    },
    "3": {
      "w_rot": -0.5708088743825952,
      "x_pos": 0.9910529050027501,
      "x_rot": 0.6944575734954668,
      "y_pos": -0.08608559345031458,
      "y_rot": -0.24662043593120062,
      "z_pos": 0.4993855822584806,
      "z_rot": -0.3620556146809039
    },
    "4": {
      "w_rot": -0.6069496321965999,
      "x_pos": 0.9866921735902034,
      "x_rot": 0.705868046100606,
      "y_pos": -0.22710323080258804,
      "y_rot": -0.06224053030934873,
      "z_pos": 0.5125556651291601,
      "z_rot": -0.35984519151620764
    },
    "5": {
      "w_rot": -0.5639570309307774,
      "x_pos": 1.0935518490746128,
      "x_rot": 0.7021305647135565,
      "y_pos": -0.21682626513034528,
      "y_rot": -0.0031536753251903693,
      "z_pos": 0.5157325465404762,
      "z_rot": -0.43468976487916877
    },
    "6": {
      "w_rot": -0.42430503548101084,
      "x_pos": 0.8115690054107445,
      "x_rot": 0.5870637724154051,
      "y_pos": 0.28648038236220336,
      "y_rot": 0.4092492626157822,
      "z_pos": 0.5256884931329516,
      "z_rot": -0.5548300686077581
    },
    "7": {
      "w_rot": -0.47326942991995263,
      "x_pos": 0.9380746337955743,
      "x_rot": 0.6575777291194222,
      "y_pos": -0.18702403341329246,
      "y_rot": 0.34354500887740913,
      "z_pos": 0.5234820185130046,
      "z_rot": -0.4749572651774126
    },
    "8": {
      "w_rot": -0.5209885077766213,
      "x_pos": 0.9767379073184039,
      "x_rot": 0.5107008392816311,
      "y_pos": -0.017248920811841595,
      "y_rot": 0.36442629051309566,
      "z_pos": 0.5887328724046977,
      "z_rot": -0.5787478780130364
    },
    "9": {
      "w_rot": -0.5209877849828689,
      "x_pos": 1.0651758817778423,
      "x_rot": 0.5107144103037162,
      "y_pos": 0.2095422864327196,
      "y_rot": 0.3644269043948469,
      "z_pos": 0.5259480389903811,
      "z_rot": -0.5787361664523488
    }
  }
}
