{
	"class_name" : "PinholeCameraParameters",
	"extrinsic" : 
	[
		0.9799095210283556,
		-0.17782582620228765,
		0.090306733599729988,
		0,
		-0.18112507050733875,
		-0.98301177593039624,
		0.029691029215574562,
		0,
		0.083492750773287966,
		-0.045451335708011131,
		-0.99547131382610288,
		0,
		-0.29528033198894577,
		0.044534617585512748,
		5.8962846420708557,
		1
	],
	"intrinsic" : 
	{
		"height" : 983,
		"intrinsic_matrix" : [ 851.30297192010323, 0, 0, 0, 851.30297192010323, 0, 959.5, 491, 1 ],
		"width" : 1920
	},
	"version_major" : 1,
	"version_minor" : 0
}